--
-- PostgreSQL database dump
--

-- Dumped from database version 12.19 (Debian 12.19-1.pgdg120+1)
-- Dumped by pg_dump version 12.19 (Debian 12.19-1.pgdg120+1)

SET statement_timeout = 0;
SET lock_timeout = 0;
SET idle_in_transaction_session_timeout = 0;
SET client_encoding = 'UTF8';
SET standard_conforming_strings = on;
SELECT pg_catalog.set_config('search_path', '', false);
SET check_function_bodies = false;
SET xmloption = content;
SET client_min_messages = warning;
SET row_security = off;

SET default_tablespace = '';

SET default_table_access_method = heap;

--
-- Name: accounts_credential; Type: TABLE; Schema: public; Owner: postgres
--

CREATE TABLE public.accounts_credential (
    id integer NOT NULL,
    code uuid NOT NULL,
    name character varying(100) NOT NULL,
    created timestamp with time zone NOT NULL,
    data bytea NOT NULL,
    user_id integer NOT NULL
);


ALTER TABLE public.accounts_credential OWNER TO postgres;

--
-- Name: accounts_credential_id_seq; Type: SEQUENCE; Schema: public; Owner: postgres
--

ALTER TABLE public.accounts_credential ALTER COLUMN id ADD GENERATED BY DEFAULT AS IDENTITY (
    SEQUENCE NAME public.accounts_credential_id_seq
    START WITH 1
    INCREMENT BY 1
    NO MINVALUE
    NO MAXVALUE
    CACHE 1
);


--
-- Name: accounts_member; Type: TABLE; Schema: public; Owner: postgres
--

CREATE TABLE public.accounts_member (
    id integer NOT NULL,
    user_id integer NOT NULL,
    project_id integer NOT NULL,
    transfer_request_date timestamp with time zone,
    role character varying(1) NOT NULL
);


ALTER TABLE public.accounts_member OWNER TO postgres;

--
-- Name: accounts_member_id_seq; Type: SEQUENCE; Schema: public; Owner: postgres
--

ALTER TABLE public.accounts_member ALTER COLUMN id ADD GENERATED BY DEFAULT AS IDENTITY (
    SEQUENCE NAME public.accounts_member_id_seq
    START WITH 1
    INCREMENT BY 1
    NO MINVALUE
    NO MAXVALUE
    CACHE 1
);


--
-- Name: accounts_profile; Type: TABLE; Schema: public; Owner: postgres
--

CREATE TABLE public.accounts_profile (
    id integer NOT NULL,
    next_report_date timestamp with time zone,
    user_id integer NOT NULL,
    ping_log_limit integer NOT NULL,
    token character varying(128) NOT NULL,
    check_limit integer NOT NULL,
    last_sms_date timestamp with time zone,
    sms_limit integer NOT NULL,
    sms_sent integer NOT NULL,
    team_limit integer NOT NULL,
    sort character varying(20) NOT NULL,
    nag_period interval NOT NULL,
    next_nag_date timestamp with time zone,
    deletion_notice_date timestamp with time zone,
    last_active_date timestamp with time zone,
    call_limit integer NOT NULL,
    calls_sent integer NOT NULL,
    last_call_date timestamp with time zone,
    reports character varying(10) NOT NULL,
    tz character varying(36) NOT NULL,
    theme character varying(10),
    totp character varying(32),
    totp_created timestamp with time zone,
    deletion_scheduled_date timestamp with time zone,
    over_limit_date timestamp with time zone
);


ALTER TABLE public.accounts_profile OWNER TO postgres;

--
-- Name: accounts_profile_id_seq; Type: SEQUENCE; Schema: public; Owner: postgres
--

ALTER TABLE public.accounts_profile ALTER COLUMN id ADD GENERATED BY DEFAULT AS IDENTITY (
    SEQUENCE NAME public.accounts_profile_id_seq
    START WITH 1
    INCREMENT BY 1
    NO MINVALUE
    NO MAXVALUE
    CACHE 1
);


--
-- Name: accounts_project; Type: TABLE; Schema: public; Owner: postgres
--

CREATE TABLE public.accounts_project (
    id integer NOT NULL,
    code uuid NOT NULL,
    name character varying(200) NOT NULL,
    api_key character varying(128) NOT NULL,
    api_key_readonly character varying(128) NOT NULL,
    owner_id integer NOT NULL,
    badge_key character varying(150) NOT NULL,
    ping_key character varying(128),
    show_slugs boolean NOT NULL
);


ALTER TABLE public.accounts_project OWNER TO postgres;

--
-- Name: accounts_project_id_seq; Type: SEQUENCE; Schema: public; Owner: postgres
--

ALTER TABLE public.accounts_project ALTER COLUMN id ADD GENERATED BY DEFAULT AS IDENTITY (
    SEQUENCE NAME public.accounts_project_id_seq
    START WITH 1
    INCREMENT BY 1
    NO MINVALUE
    NO MAXVALUE
    CACHE 1
);


--
-- Name: api_channel; Type: TABLE; Schema: public; Owner: postgres
--

CREATE TABLE public.api_channel (
    id integer NOT NULL,
    code uuid NOT NULL,
    created timestamp with time zone NOT NULL,
    kind character varying(20) NOT NULL,
    value text NOT NULL,
    email_verified boolean NOT NULL,
    name character varying(100) NOT NULL,
    project_id integer NOT NULL,
    last_error character varying(200) NOT NULL,
    last_notify timestamp with time zone,
    disabled boolean NOT NULL,
    last_notify_duration interval
);


ALTER TABLE public.api_channel OWNER TO postgres;

--
-- Name: api_channel_checks; Type: TABLE; Schema: public; Owner: postgres
--

CREATE TABLE public.api_channel_checks (
    id integer NOT NULL,
    channel_id integer NOT NULL,
    check_id integer NOT NULL
);


ALTER TABLE public.api_channel_checks OWNER TO postgres;

--
-- Name: api_channel_checks_id_seq; Type: SEQUENCE; Schema: public; Owner: postgres
--

ALTER TABLE public.api_channel_checks ALTER COLUMN id ADD GENERATED BY DEFAULT AS IDENTITY (
    SEQUENCE NAME public.api_channel_checks_id_seq
    START WITH 1
    INCREMENT BY 1
    NO MINVALUE
    NO MAXVALUE
    CACHE 1
);


--
-- Name: api_channel_id_seq; Type: SEQUENCE; Schema: public; Owner: postgres
--

ALTER TABLE public.api_channel ALTER COLUMN id ADD GENERATED BY DEFAULT AS IDENTITY (
    SEQUENCE NAME public.api_channel_id_seq
    START WITH 1
    INCREMENT BY 1
    NO MINVALUE
    NO MAXVALUE
    CACHE 1
);


--
-- Name: api_check; Type: TABLE; Schema: public; Owner: postgres
--

CREATE TABLE public.api_check (
    id integer NOT NULL,
    code uuid NOT NULL,
    last_ping timestamp with time zone,
    alert_after timestamp with time zone,
    status character varying(6) NOT NULL,
    timeout interval NOT NULL,
    name character varying(100) NOT NULL,
    created timestamp with time zone NOT NULL,
    grace interval NOT NULL,
    tags character varying(500) NOT NULL,
    n_pings integer NOT NULL,
    kind character varying(10) NOT NULL,
    schedule character varying(100) NOT NULL,
    tz character varying(36) NOT NULL,
    has_confirmation_link boolean NOT NULL,
    "desc" text NOT NULL,
    last_start timestamp with time zone,
    project_id integer NOT NULL,
    last_duration interval,
    methods character varying(30) NOT NULL,
    manual_resume boolean NOT NULL,
    slug character varying(100) NOT NULL,
    failure_kw character varying(200) NOT NULL,
    filter_body boolean NOT NULL,
    filter_subject boolean NOT NULL,
    success_kw character varying(200) NOT NULL,
    last_start_rid uuid,
    start_kw character varying(200) NOT NULL,
    badge_key uuid
);


ALTER TABLE public.api_check OWNER TO postgres;

--
-- Name: api_check_id_seq; Type: SEQUENCE; Schema: public; Owner: postgres
--

ALTER TABLE public.api_check ALTER COLUMN id ADD GENERATED BY DEFAULT AS IDENTITY (
    SEQUENCE NAME public.api_check_id_seq
    START WITH 1
    INCREMENT BY 1
    NO MINVALUE
    NO MAXVALUE
    CACHE 1
);


--
-- Name: api_flip; Type: TABLE; Schema: public; Owner: postgres
--

CREATE TABLE public.api_flip (
    id integer NOT NULL,
    created timestamp with time zone NOT NULL,
    processed timestamp with time zone,
    old_status character varying(8) NOT NULL,
    new_status character varying(8) NOT NULL,
    owner_id integer NOT NULL
);


ALTER TABLE public.api_flip OWNER TO postgres;

--
-- Name: api_flip_id_seq; Type: SEQUENCE; Schema: public; Owner: postgres
--

ALTER TABLE public.api_flip ALTER COLUMN id ADD GENERATED BY DEFAULT AS IDENTITY (
    SEQUENCE NAME public.api_flip_id_seq
    START WITH 1
    INCREMENT BY 1
    NO MINVALUE
    NO MAXVALUE
    CACHE 1
);


--
-- Name: api_notification; Type: TABLE; Schema: public; Owner: postgres
--

CREATE TABLE public.api_notification (
    id integer NOT NULL,
    check_status character varying(6) NOT NULL,
    created timestamp with time zone NOT NULL,
    channel_id integer NOT NULL,
    owner_id integer,
    error character varying(200) NOT NULL,
    code uuid
);


ALTER TABLE public.api_notification OWNER TO postgres;

--
-- Name: api_notification_id_seq; Type: SEQUENCE; Schema: public; Owner: postgres
--

ALTER TABLE public.api_notification ALTER COLUMN id ADD GENERATED BY DEFAULT AS IDENTITY (
    SEQUENCE NAME public.api_notification_id_seq
    START WITH 1
    INCREMENT BY 1
    NO MINVALUE
    NO MAXVALUE
    CACHE 1
);


--
-- Name: api_ping; Type: TABLE; Schema: public; Owner: postgres
--

CREATE TABLE public.api_ping (
    id bigint NOT NULL,
    created timestamp with time zone NOT NULL,
    remote_addr inet,
    method character varying(10) NOT NULL,
    ua character varying(200) NOT NULL,
    owner_id integer NOT NULL,
    scheme character varying(10) NOT NULL,
    n integer,
    body text,
    kind character varying(6),
    exitstatus smallint,
    body_raw bytea,
    object_size integer,
    rid uuid
);


ALTER TABLE public.api_ping OWNER TO postgres;

--
-- Name: api_ping_id_seq; Type: SEQUENCE; Schema: public; Owner: postgres
--

ALTER TABLE public.api_ping ALTER COLUMN id ADD GENERATED BY DEFAULT AS IDENTITY (
    SEQUENCE NAME public.api_ping_id_seq
    START WITH 1
    INCREMENT BY 1
    NO MINVALUE
    NO MAXVALUE
    CACHE 1
);


--
-- Name: api_tokenbucket; Type: TABLE; Schema: public; Owner: postgres
--

CREATE TABLE public.api_tokenbucket (
    id integer NOT NULL,
    value character varying(80) NOT NULL,
    tokens double precision NOT NULL,
    updated timestamp with time zone NOT NULL
);


ALTER TABLE public.api_tokenbucket OWNER TO postgres;

--
-- Name: api_tokenbucket_id_seq; Type: SEQUENCE; Schema: public; Owner: postgres
--

ALTER TABLE public.api_tokenbucket ALTER COLUMN id ADD GENERATED BY DEFAULT AS IDENTITY (
    SEQUENCE NAME public.api_tokenbucket_id_seq
    START WITH 1
    INCREMENT BY 1
    NO MINVALUE
    NO MAXVALUE
    CACHE 1
);


--
-- Name: auth_group; Type: TABLE; Schema: public; Owner: postgres
--

CREATE TABLE public.auth_group (
    id integer NOT NULL,
    name character varying(150) NOT NULL
);


ALTER TABLE public.auth_group OWNER TO postgres;

--
-- Name: auth_group_id_seq; Type: SEQUENCE; Schema: public; Owner: postgres
--

ALTER TABLE public.auth_group ALTER COLUMN id ADD GENERATED BY DEFAULT AS IDENTITY (
    SEQUENCE NAME public.auth_group_id_seq
    START WITH 1
    INCREMENT BY 1
    NO MINVALUE
    NO MAXVALUE
    CACHE 1
);


--
-- Name: auth_group_permissions; Type: TABLE; Schema: public; Owner: postgres
--

CREATE TABLE public.auth_group_permissions (
    id integer NOT NULL,
    group_id integer NOT NULL,
    permission_id integer NOT NULL
);


ALTER TABLE public.auth_group_permissions OWNER TO postgres;

--
-- Name: auth_group_permissions_id_seq; Type: SEQUENCE; Schema: public; Owner: postgres
--

ALTER TABLE public.auth_group_permissions ALTER COLUMN id ADD GENERATED BY DEFAULT AS IDENTITY (
    SEQUENCE NAME public.auth_group_permissions_id_seq
    START WITH 1
    INCREMENT BY 1
    NO MINVALUE
    NO MAXVALUE
    CACHE 1
);


--
-- Name: auth_permission; Type: TABLE; Schema: public; Owner: postgres
--

CREATE TABLE public.auth_permission (
    id integer NOT NULL,
    name character varying(255) NOT NULL,
    content_type_id integer NOT NULL,
    codename character varying(100) NOT NULL
);


ALTER TABLE public.auth_permission OWNER TO postgres;

--
-- Name: auth_permission_id_seq; Type: SEQUENCE; Schema: public; Owner: postgres
--

ALTER TABLE public.auth_permission ALTER COLUMN id ADD GENERATED BY DEFAULT AS IDENTITY (
    SEQUENCE NAME public.auth_permission_id_seq
    START WITH 1
    INCREMENT BY 1
    NO MINVALUE
    NO MAXVALUE
    CACHE 1
);


--
-- Name: auth_user; Type: TABLE; Schema: public; Owner: postgres
--

CREATE TABLE public.auth_user (
    id integer NOT NULL,
    password character varying(128) NOT NULL,
    last_login timestamp with time zone,
    is_superuser boolean NOT NULL,
    username character varying(150) NOT NULL,
    first_name character varying(150) NOT NULL,
    last_name character varying(150) NOT NULL,
    email character varying(254) NOT NULL,
    is_staff boolean NOT NULL,
    is_active boolean NOT NULL,
    date_joined timestamp with time zone NOT NULL
);


ALTER TABLE public.auth_user OWNER TO postgres;

--
-- Name: auth_user_groups; Type: TABLE; Schema: public; Owner: postgres
--

CREATE TABLE public.auth_user_groups (
    id integer NOT NULL,
    user_id integer NOT NULL,
    group_id integer NOT NULL
);


ALTER TABLE public.auth_user_groups OWNER TO postgres;

--
-- Name: auth_user_groups_id_seq; Type: SEQUENCE; Schema: public; Owner: postgres
--

ALTER TABLE public.auth_user_groups ALTER COLUMN id ADD GENERATED BY DEFAULT AS IDENTITY (
    SEQUENCE NAME public.auth_user_groups_id_seq
    START WITH 1
    INCREMENT BY 1
    NO MINVALUE
    NO MAXVALUE
    CACHE 1
);


--
-- Name: auth_user_id_seq; Type: SEQUENCE; Schema: public; Owner: postgres
--

ALTER TABLE public.auth_user ALTER COLUMN id ADD GENERATED BY DEFAULT AS IDENTITY (
    SEQUENCE NAME public.auth_user_id_seq
    START WITH 1
    INCREMENT BY 1
    NO MINVALUE
    NO MAXVALUE
    CACHE 1
);


--
-- Name: auth_user_user_permissions; Type: TABLE; Schema: public; Owner: postgres
--

CREATE TABLE public.auth_user_user_permissions (
    id integer NOT NULL,
    user_id integer NOT NULL,
    permission_id integer NOT NULL
);


ALTER TABLE public.auth_user_user_permissions OWNER TO postgres;

--
-- Name: auth_user_user_permissions_id_seq; Type: SEQUENCE; Schema: public; Owner: postgres
--

ALTER TABLE public.auth_user_user_permissions ALTER COLUMN id ADD GENERATED BY DEFAULT AS IDENTITY (
    SEQUENCE NAME public.auth_user_user_permissions_id_seq
    START WITH 1
    INCREMENT BY 1
    NO MINVALUE
    NO MAXVALUE
    CACHE 1
);


--
-- Name: django_admin_log; Type: TABLE; Schema: public; Owner: postgres
--

CREATE TABLE public.django_admin_log (
    id integer NOT NULL,
    action_time timestamp with time zone NOT NULL,
    object_id text,
    object_repr character varying(200) NOT NULL,
    action_flag smallint NOT NULL,
    change_message text NOT NULL,
    content_type_id integer,
    user_id integer NOT NULL,
    CONSTRAINT django_admin_log_action_flag_check CHECK ((action_flag >= 0))
);


ALTER TABLE public.django_admin_log OWNER TO postgres;

--
-- Name: django_admin_log_id_seq; Type: SEQUENCE; Schema: public; Owner: postgres
--

ALTER TABLE public.django_admin_log ALTER COLUMN id ADD GENERATED BY DEFAULT AS IDENTITY (
    SEQUENCE NAME public.django_admin_log_id_seq
    START WITH 1
    INCREMENT BY 1
    NO MINVALUE
    NO MAXVALUE
    CACHE 1
);


--
-- Name: django_content_type; Type: TABLE; Schema: public; Owner: postgres
--

CREATE TABLE public.django_content_type (
    id integer NOT NULL,
    app_label character varying(100) NOT NULL,
    model character varying(100) NOT NULL
);


ALTER TABLE public.django_content_type OWNER TO postgres;

--
-- Name: django_content_type_id_seq; Type: SEQUENCE; Schema: public; Owner: postgres
--

ALTER TABLE public.django_content_type ALTER COLUMN id ADD GENERATED BY DEFAULT AS IDENTITY (
    SEQUENCE NAME public.django_content_type_id_seq
    START WITH 1
    INCREMENT BY 1
    NO MINVALUE
    NO MAXVALUE
    CACHE 1
);


--
-- Name: django_migrations; Type: TABLE; Schema: public; Owner: postgres
--

CREATE TABLE public.django_migrations (
    id integer NOT NULL,
    app character varying(255) NOT NULL,
    name character varying(255) NOT NULL,
    applied timestamp with time zone NOT NULL
);


ALTER TABLE public.django_migrations OWNER TO postgres;

--
-- Name: django_migrations_id_seq; Type: SEQUENCE; Schema: public; Owner: postgres
--

ALTER TABLE public.django_migrations ALTER COLUMN id ADD GENERATED BY DEFAULT AS IDENTITY (
    SEQUENCE NAME public.django_migrations_id_seq
    START WITH 1
    INCREMENT BY 1
    NO MINVALUE
    NO MAXVALUE
    CACHE 1
);


--
-- Name: django_session; Type: TABLE; Schema: public; Owner: postgres
--

CREATE TABLE public.django_session (
    session_key character varying(40) NOT NULL,
    session_data text NOT NULL,
    expire_date timestamp with time zone NOT NULL
);


ALTER TABLE public.django_session OWNER TO postgres;

--
-- Name: logs_record; Type: TABLE; Schema: public; Owner: postgres
--

CREATE TABLE public.logs_record (
    id integer NOT NULL,
    created timestamp with time zone NOT NULL,
    name character varying(100) NOT NULL,
    level smallint NOT NULL,
    message text NOT NULL,
    traceback text NOT NULL,
    CONSTRAINT logs_record_level_check CHECK ((level >= 0))
);


ALTER TABLE public.logs_record OWNER TO postgres;

--
-- Name: logs_record_id_seq; Type: SEQUENCE; Schema: public; Owner: postgres
--

ALTER TABLE public.logs_record ALTER COLUMN id ADD GENERATED BY DEFAULT AS IDENTITY (
    SEQUENCE NAME public.logs_record_id_seq
    START WITH 1
    INCREMENT BY 1
    NO MINVALUE
    NO MAXVALUE
    CACHE 1
);


--
-- Name: payments_subscription; Type: TABLE; Schema: public; Owner: postgres
--

CREATE TABLE public.payments_subscription (
    id integer NOT NULL,
    customer_id character varying(36) NOT NULL,
    payment_method_token character varying(35) NOT NULL,
    subscription_id character varying(10) NOT NULL,
    user_id integer NOT NULL,
    plan_id character varying(10) NOT NULL,
    address_id character varying(2) NOT NULL,
    send_invoices boolean NOT NULL,
    plan_name character varying(50) NOT NULL,
    invoice_email character varying(254) NOT NULL,
    next_billing_date date,
    renew_notice_date date,
    setup_date date
);


ALTER TABLE public.payments_subscription OWNER TO postgres;

--
-- Name: payments_subscription_id_seq; Type: SEQUENCE; Schema: public; Owner: postgres
--

ALTER TABLE public.payments_subscription ALTER COLUMN id ADD GENERATED BY DEFAULT AS IDENTITY (
    SEQUENCE NAME public.payments_subscription_id_seq
    START WITH 1
    INCREMENT BY 1
    NO MINVALUE
    NO MAXVALUE
    CACHE 1
);


--
-- Data for Name: accounts_credential; Type: TABLE DATA; Schema: public; Owner: postgres
--

COPY public.accounts_credential (id, code, name, created, data, user_id) FROM stdin;
\.


--
-- Data for Name: accounts_member; Type: TABLE DATA; Schema: public; Owner: postgres
--

COPY public.accounts_member (id, user_id, project_id, transfer_request_date, role) FROM stdin;
\.


--
-- Data for Name: accounts_profile; Type: TABLE DATA; Schema: public; Owner: postgres
--

COPY public.accounts_profile (id, next_report_date, user_id, ping_log_limit, token, check_limit, last_sms_date, sms_limit, sms_sent, team_limit, sort, nag_period, next_nag_date, deletion_notice_date, last_active_date, call_limit, calls_sent, last_call_date, reports, tz, theme, totp, totp_created, deletion_scheduled_date, over_limit_date) FROM stdin;
1	2024-06-01 10:18:41.404194+00	1	100		10000	\N	10000	0	10000	created	00:00:00	\N	\N	2024-05-16 08:47:01.812919+00	10000	0	\N	monthly	UTC	\N	\N	\N	\N	\N
\.


--
-- Data for Name: accounts_project; Type: TABLE DATA; Schema: public; Owner: postgres
--

COPY public.accounts_project (id, code, name, api_key, api_key_readonly, owner_id, badge_key, ping_key, show_slugs) FROM stdin;
1	6eb8a776-d0bc-4941-b89a-a05c39e882d3				1	a8de4e05-a2c2-4f80-8b23-df3008	rk9bbOJREu6nOWeHGjlnDQ	t
\.


--
-- Data for Name: api_channel; Type: TABLE DATA; Schema: public; Owner: postgres
--

COPY public.api_channel (id, code, created, kind, value, email_verified, name, project_id, last_error, last_notify, disabled, last_notify_duration) FROM stdin;
\.


--
-- Data for Name: api_channel_checks; Type: TABLE DATA; Schema: public; Owner: postgres
--

COPY public.api_channel_checks (id, channel_id, check_id) FROM stdin;
\.


--
-- Data for Name: api_check; Type: TABLE DATA; Schema: public; Owner: postgres
--

COPY public.api_check (id, code, last_ping, alert_after, status, timeout, name, created, grace, tags, n_pings, kind, schedule, tz, has_confirmation_link, "desc", last_start, project_id, last_duration, methods, manual_resume, slug, failure_kw, filter_body, filter_subject, success_kw, last_start_rid, start_kw, badge_key) FROM stdin;
1	6da9bc25-880d-4a73-a0e5-e833405e206f	\N	\N	new	1 day	Sample Check	2024-05-16 08:46:11.859145+00	01:00:00		0	simple	* * * * *	UTC	f		\N	1	\N		f	sample-check		f	f		\N		\N
\.


--
-- Data for Name: api_flip; Type: TABLE DATA; Schema: public; Owner: postgres
--

COPY public.api_flip (id, created, processed, old_status, new_status, owner_id) FROM stdin;
\.


--
-- Data for Name: api_notification; Type: TABLE DATA; Schema: public; Owner: postgres
--

COPY public.api_notification (id, check_status, created, channel_id, owner_id, error, code) FROM stdin;
\.


--
-- Data for Name: api_ping; Type: TABLE DATA; Schema: public; Owner: postgres
--

COPY public.api_ping (id, created, remote_addr, method, ua, owner_id, scheme, n, body, kind, exitstatus, body_raw, object_size, rid) FROM stdin;
\.


--
-- Data for Name: api_tokenbucket; Type: TABLE DATA; Schema: public; Owner: postgres
--

COPY public.api_tokenbucket (id, value, tokens, updated) FROM stdin;
1	pw-d7bc246460d6457b159d7959d6446847eba971aa	0.8627604491203703	2024-05-16 09:05:24.028722+00
\.


--
-- Data for Name: auth_group; Type: TABLE DATA; Schema: public; Owner: postgres
--

COPY public.auth_group (id, name) FROM stdin;
\.


--
-- Data for Name: auth_group_permissions; Type: TABLE DATA; Schema: public; Owner: postgres
--

COPY public.auth_group_permissions (id, group_id, permission_id) FROM stdin;
\.


--
-- Data for Name: auth_permission; Type: TABLE DATA; Schema: public; Owner: postgres
--

COPY public.auth_permission (id, name, content_type_id, codename) FROM stdin;
1	Can add profile	1	add_profile
2	Can change profile	1	change_profile
3	Can delete profile	1	delete_profile
4	Can view profile	1	view_profile
5	Can add member	2	add_member
6	Can change member	2	change_member
7	Can delete member	2	delete_member
8	Can view member	2	view_member
9	Can add project	3	add_project
10	Can change project	3	change_project
11	Can delete project	3	delete_project
12	Can view project	3	view_project
13	Can add credential	4	add_credential
14	Can change credential	4	change_credential
15	Can delete credential	4	delete_credential
16	Can view credential	4	view_credential
17	Can add log entry	5	add_logentry
18	Can change log entry	5	change_logentry
19	Can delete log entry	5	delete_logentry
20	Can view log entry	5	view_logentry
21	Can add permission	6	add_permission
22	Can change permission	6	change_permission
23	Can delete permission	6	delete_permission
24	Can view permission	6	view_permission
25	Can add group	7	add_group
26	Can change group	7	change_group
27	Can delete group	7	delete_group
28	Can view group	7	view_group
29	Can add user	8	add_user
30	Can change user	8	change_user
31	Can delete user	8	delete_user
32	Can view user	8	view_user
33	Can add content type	9	add_contenttype
34	Can change content type	9	change_contenttype
35	Can delete content type	9	delete_contenttype
36	Can view content type	9	view_contenttype
37	Can add session	10	add_session
38	Can change session	10	change_session
39	Can delete session	10	delete_session
40	Can view session	10	view_session
41	Can add check	11	add_check
42	Can change check	11	change_check
43	Can delete check	11	delete_check
44	Can view check	11	view_check
45	Can add ping	12	add_ping
46	Can change ping	12	change_ping
47	Can delete ping	12	delete_ping
48	Can view ping	12	view_ping
49	Can add channel	13	add_channel
50	Can change channel	13	change_channel
51	Can delete channel	13	delete_channel
52	Can view channel	13	view_channel
53	Can add notification	14	add_notification
54	Can change notification	14	change_notification
55	Can delete notification	14	delete_notification
56	Can view notification	14	view_notification
57	Can add flip	15	add_flip
58	Can change flip	15	change_flip
59	Can delete flip	15	delete_flip
60	Can view flip	15	view_flip
61	Can add token bucket	16	add_tokenbucket
62	Can change token bucket	16	change_tokenbucket
63	Can delete token bucket	16	delete_tokenbucket
64	Can view token bucket	16	view_tokenbucket
65	Can add record	17	add_record
66	Can change record	17	change_record
67	Can delete record	17	delete_record
68	Can view record	17	view_record
69	Can add subscription	18	add_subscription
70	Can change subscription	18	change_subscription
71	Can delete subscription	18	delete_subscription
72	Can view subscription	18	view_subscription
\.


--
-- Data for Name: auth_user; Type: TABLE DATA; Schema: public; Owner: postgres
--

COPY public.auth_user (id, password, last_login, is_superuser, username, first_name, last_name, email, is_staff, is_active, date_joined) FROM stdin;
1	pbkdf2_sha256$720000$iAltWnwJqnND5CMpWejvWM$RYZRmOj3jZoYxNRTzTBmFFB8rXVi08SaOpfV2wWZToo=	2024-05-16 09:05:24.217563+00	t	a8de4e05-a2c2-4f80-8b23-df3008			admin@example.com	t	t	2024-05-16 08:46:11.854722+00
\.


--
-- Data for Name: auth_user_groups; Type: TABLE DATA; Schema: public; Owner: postgres
--

COPY public.auth_user_groups (id, user_id, group_id) FROM stdin;
\.


--
-- Data for Name: auth_user_user_permissions; Type: TABLE DATA; Schema: public; Owner: postgres
--

COPY public.auth_user_user_permissions (id, user_id, permission_id) FROM stdin;
\.


--
-- Data for Name: django_admin_log; Type: TABLE DATA; Schema: public; Owner: postgres
--

COPY public.django_admin_log (id, action_time, object_id, object_repr, action_flag, change_message, content_type_id, user_id) FROM stdin;
\.


--
-- Data for Name: django_content_type; Type: TABLE DATA; Schema: public; Owner: postgres
--

COPY public.django_content_type (id, app_label, model) FROM stdin;
1	accounts	profile
2	accounts	member
3	accounts	project
4	accounts	credential
5	admin	logentry
6	auth	permission
7	auth	group
8	auth	user
9	contenttypes	contenttype
10	sessions	session
11	api	check
12	api	ping
13	api	channel
14	api	notification
15	api	flip
16	api	tokenbucket
17	logs	record
18	payments	subscription
\.


--
-- Data for Name: django_migrations; Type: TABLE DATA; Schema: public; Owner: postgres
--

COPY public.django_migrations (id, app, name, applied) FROM stdin;
1	contenttypes	0001_initial	2024-05-16 08:45:38.597232+00
2	auth	0001_initial	2024-05-16 08:45:38.656422+00
3	accounts	0001_initial	2024-05-16 08:45:38.665534+00
4	accounts	0002_profile_ping_log_limit	2024-05-16 08:45:38.670255+00
5	accounts	0003_profile_token	2024-05-16 08:45:38.674347+00
6	accounts	0004_profile_api_key	2024-05-16 08:45:38.678702+00
7	accounts	0005_auto_20160509_0801	2024-05-16 08:45:38.700881+00
8	accounts	0006_profile_current_team	2024-05-16 08:45:38.708478+00
9	accounts	0007_profile_check_limit	2024-05-16 08:45:38.712956+00
10	accounts	0008_profile_bill_to	2024-05-16 08:45:38.720218+00
11	accounts	0009_auto_20170714_1734	2024-05-16 08:45:38.731341+00
12	accounts	0010_profile_team_limit	2024-05-16 08:45:38.735799+00
13	accounts	0011_profile_sort	2024-05-16 08:45:38.740576+00
14	accounts	0012_auto_20171014_1002	2024-05-16 08:45:38.749055+00
15	accounts	0013_remove_profile_team_access_allowed	2024-05-16 08:45:38.7548+00
16	accounts	0014_auto_20171227_1530	2024-05-16 08:45:38.772071+00
17	accounts	0015_auto_20181029_1858	2024-05-16 08:45:38.780814+00
18	accounts	0016_remove_profile_bill_to	2024-05-16 08:45:38.785408+00
19	accounts	0017_auto_20190112_1426	2024-05-16 08:45:38.810793+00
20	accounts	0018_auto_20190112_1426	2024-05-16 08:45:38.817095+00
21	accounts	0019_project_badge_key	2024-05-16 08:45:38.823859+00
22	accounts	0020_auto_20190112_1950	2024-05-16 08:45:38.829554+00
23	accounts	0021_auto_20190112_2005	2024-05-16 08:45:38.838316+00
24	accounts	0022_auto_20190114_0857	2024-05-16 08:45:38.8469+00
25	accounts	0023_auto_20190117_1419	2024-05-16 08:45:38.859887+00
26	accounts	0024_auto_20190119_1540	2024-05-16 08:45:38.870396+00
27	accounts	0025_remove_member_team	2024-05-16 08:45:38.877242+00
28	accounts	0026_auto_20190204_2042	2024-05-16 08:45:38.896765+00
29	accounts	0027_profile_deletion_notice_date	2024-05-16 08:45:38.902797+00
30	accounts	0028_auto_20191119_1346	2024-05-16 08:45:38.911653+00
31	accounts	0029_remove_profile_current_project	2024-05-16 08:45:38.918847+00
32	accounts	0030_member_transfer_request_date	2024-05-16 08:45:38.923647+00
33	accounts	0031_auto_20200803_1413	2024-05-16 08:45:38.937128+00
34	accounts	0032_auto_20200819_0757	2024-05-16 08:45:38.944875+00
35	accounts	0033_member_rw	2024-05-16 08:45:38.949797+00
36	accounts	0034_credential	2024-05-16 08:45:38.964086+00
37	accounts	0035_profile_reports	2024-05-16 08:45:38.969424+00
38	accounts	0036_fill_profile_reports	2024-05-16 08:45:38.974955+00
39	accounts	0037_profile_tz	2024-05-16 08:45:38.980301+00
40	accounts	0038_profile_theme	2024-05-16 08:45:38.986889+00
41	accounts	0039_remove_profile_reports_allowed	2024-05-16 08:45:38.993192+00
42	accounts	0040_auto_20210722_1244	2024-05-16 08:45:39.003781+00
43	accounts	0041_fill_role	2024-05-16 08:45:39.0097+00
44	accounts	0042_remove_member_rw	2024-05-16 08:45:39.014846+00
45	accounts	0043_add_role_manager	2024-05-16 08:45:39.01996+00
46	accounts	0044_auto_20210730_0942	2024-05-16 08:45:39.030349+00
47	accounts	0045_auto_20210908_1257	2024-05-16 08:45:39.045166+00
48	accounts	0046_profile_deletion_scheduled_date	2024-05-16 08:45:39.050635+00
49	accounts	0047_profile_over_limit_date	2024-05-16 08:45:39.056016+00
50	accounts	0048_alter_profile_user	2024-05-16 08:45:39.064368+00
51	admin	0001_initial	2024-05-16 08:45:39.081428+00
52	admin	0002_logentry_remove_auto_add	2024-05-16 08:45:39.087768+00
53	admin	0003_logentry_add_action_flag_choices	2024-05-16 08:45:39.093482+00
54	api	0001_initial	2024-05-16 08:45:39.105428+00
55	api	0002_auto_20150616_0732	2024-05-16 08:45:39.129195+00
56	api	0003_auto_20150616_1249	2024-05-16 08:45:39.145393+00
57	api	0004_auto_20150616_1319	2024-05-16 08:45:39.158043+00
58	api	0005_auto_20150630_2021	2024-05-16 08:45:39.167223+00
59	api	0006_check_grace	2024-05-16 08:45:39.173845+00
60	api	0007_ping	2024-05-16 08:45:39.188875+00
61	api	0008_auto_20150801_1213	2024-05-16 08:45:39.193013+00
62	api	0009_auto_20150801_1250	2024-05-16 08:45:39.201793+00
63	api	0010_channel	2024-05-16 08:45:39.224493+00
64	api	0011_notification	2024-05-16 08:45:39.240408+00
65	api	0012_auto_20150930_1922	2024-05-16 08:45:39.247646+00
66	api	0013_auto_20151001_2029	2024-05-16 08:45:39.255205+00
67	api	0014_auto_20151019_2039	2024-05-16 08:45:39.28599+00
68	api	0015_auto_20151022_1008	2024-05-16 08:45:39.295711+00
69	api	0016_auto_20151030_1107	2024-05-16 08:45:39.303491+00
70	api	0017_auto_20151117_1032	2024-05-16 08:45:39.310908+00
71	api	0018_remove_ping_body	2024-05-16 08:45:39.316249+00
72	api	0019_check_tags	2024-05-16 08:45:39.326548+00
73	api	0020_check_n_pings	2024-05-16 08:45:39.334689+00
74	api	0021_ping_n	2024-05-16 08:45:39.339651+00
75	api	0022_auto_20160130_2042	2024-05-16 08:45:39.348618+00
76	api	0023_auto_20160131_1919	2024-05-16 08:45:39.35412+00
77	api	0024_auto_20160203_2227	2024-05-16 08:45:39.362274+00
78	api	0025_auto_20160216_1214	2024-05-16 08:45:39.369888+00
79	api	0026_auto_20160415_1824	2024-05-16 08:45:39.380482+00
80	api	0027_auto_20161213_1059	2024-05-16 08:45:39.410414+00
81	api	0028_auto_20170305_1907	2024-05-16 08:45:39.423207+00
82	api	0029_auto_20170507_1251	2024-05-16 08:45:39.428261+00
83	api	0030_check_last_ping_body	2024-05-16 08:45:39.436898+00
84	api	0031_auto_20170509_1320	2024-05-16 08:45:39.446339+00
85	api	0032_auto_20170608_1158	2024-05-16 08:45:39.454434+00
86	api	0033_auto_20170714_1715	2024-05-16 08:45:39.462526+00
87	api	0034_auto_20171227_1530	2024-05-16 08:45:39.470419+00
88	api	0035_auto_20171229_2008	2024-05-16 08:45:39.478608+00
89	api	0036_auto_20180116_2243	2024-05-16 08:45:39.488853+00
90	api	0037_auto_20180127_1215	2024-05-16 08:45:39.500925+00
91	api	0038_auto_20180318_1306	2024-05-16 08:45:39.5142+00
92	api	0039_remove_check_last_ping_body	2024-05-16 08:45:39.522885+00
93	api	0040_auto_20180517_1336	2024-05-16 08:45:39.536415+00
94	api	0041_check_desc	2024-05-16 08:45:39.54464+00
95	api	0042_auto_20181029_1522	2024-05-16 08:45:39.552682+00
96	api	0043_channel_name	2024-05-16 08:45:39.561753+00
97	api	0044_auto_20181120_2004	2024-05-16 08:45:39.571017+00
98	api	0045_flip	2024-05-16 08:45:39.58741+00
99	api	0046_auto_20181218_1245	2024-05-16 08:45:39.601479+00
100	api	0047_auto_20181225_2315	2024-05-16 08:45:39.612989+00
101	api	0048_auto_20190102_0737	2024-05-16 08:45:39.622633+00
102	api	0049_auto_20190102_0743	2024-05-16 08:45:39.644827+00
103	api	0050_ping_kind	2024-05-16 08:45:39.651596+00
104	api	0051_auto_20190104_0908	2024-05-16 08:45:39.660761+00
105	api	0052_auto_20190104_1122	2024-05-16 08:45:39.670539+00
106	api	0053_check_subject	2024-05-16 08:45:39.679661+00
107	api	0054_auto_20190112_1427	2024-05-16 08:45:39.724215+00
108	api	0055_auto_20190112_1427	2024-05-16 08:45:39.732908+00
109	api	0056_auto_20190114_0857	2024-05-16 08:45:39.755059+00
110	api	0057_auto_20190118_1319	2024-05-16 08:45:39.775363+00
111	api	0058_auto_20190312_1716	2024-05-16 08:45:39.782287+00
112	api	0059_auto_20190314_1744	2024-05-16 08:45:39.788582+00
113	api	0060_tokenbucket	2024-05-16 08:45:39.797407+00
114	api	0061_webhook_values	2024-05-16 08:45:39.806445+00
115	api	0062_auto_20190720_1350	2024-05-16 08:45:39.831099+00
116	api	0063_auto_20190903_0901	2024-05-16 08:45:39.843464+00
117	api	0064_auto_20191119_1346	2024-05-16 08:45:39.850061+00
118	api	0065_auto_20191127_1240	2024-05-16 08:45:39.863222+00
119	api	0066_channel_last_error	2024-05-16 08:45:39.870641+00
120	api	0067_last_error_values	2024-05-16 08:45:39.880054+00
121	api	0068_auto_20200117_1023	2024-05-16 08:45:39.885412+00
122	api	0069_auto_20200117_1227	2024-05-16 08:45:39.890808+00
123	api	0070_auto_20200411_1310	2024-05-16 08:45:39.8977+00
124	api	0071_check_manual_resume	2024-05-16 08:45:39.905834+00
125	api	0072_auto_20200701_1007	2024-05-16 08:45:39.917735+00
126	api	0073_auto_20200721_1000	2024-05-16 08:45:39.929902+00
127	api	0074_auto_20200803_1411	2024-05-16 08:45:39.936625+00
128	api	0075_auto_20200805_1004	2024-05-16 08:45:39.95571+00
129	api	0076_auto_20201128_0951	2024-05-16 08:45:39.966283+00
130	api	0077_auto_20210506_0755	2024-05-16 08:45:39.989949+00
131	api	0078_sms_values	2024-05-16 08:45:39.999666+00
132	api	0079_auto_20210907_0918	2024-05-16 08:45:40.015031+00
133	api	0080_fill_slug	2024-05-16 08:45:40.024597+00
134	api	0081_channel_last_notify	2024-05-16 08:45:40.030996+00
135	api	0082_fill_last_notify	2024-05-16 08:45:40.042287+00
136	api	0083_channel_disabled	2024-05-16 08:45:40.049402+00
137	api	0084_ping_body_raw	2024-05-16 08:45:40.054777+00
138	api	0085_ping_object_size	2024-05-16 08:45:40.060253+00
139	api	0086_remove_check_last_ping_was_fail_and_more	2024-05-16 08:45:40.08445+00
140	api	0087_check_failure_kw_check_filter_body_and_more	2024-05-16 08:45:40.147202+00
141	api	0088_fill_kw	2024-05-16 08:45:40.158287+00
142	api	0089_remove_check_subject_remove_check_subject_fail	2024-05-16 08:45:40.170517+00
143	api	0090_alter_check_filter_subject	2024-05-16 08:45:40.181763+00
144	api	0091_alter_check_filter_body	2024-05-16 08:45:40.191748+00
145	api	0092_alter_check_success_kw	2024-05-16 08:45:40.201695+00
146	api	0093_alter_check_failure_kw	2024-05-16 08:45:40.212453+00
147	api	0094_ping_rid_alter_channel_kind	2024-05-16 08:45:40.223649+00
148	api	0095_check_last_start_rid	2024-05-16 08:45:40.230299+00
149	api	0096_check_start_kw_alter_channel_kind	2024-05-16 08:45:40.243225+00
150	api	0097_alter_channel_kind	2024-05-16 08:45:40.250553+00
151	api	0098_channel_last_notify_duration	2024-05-16 08:45:40.25727+00
152	api	0099_alter_channel_disabled	2024-05-16 08:45:40.264439+00
153	api	0100_opsgenie_values	2024-05-16 08:45:40.273748+00
154	api	0101_alter_channel_kind	2024-05-16 08:45:40.280025+00
155	api	0102_alter_check_kind	2024-05-16 08:45:40.289614+00
156	api	0103_check_badge_key	2024-05-16 08:45:40.298287+00
157	contenttypes	0002_remove_content_type_name	2024-05-16 08:45:40.312392+00
158	auth	0002_alter_permission_name_max_length	2024-05-16 08:45:40.322649+00
159	auth	0003_alter_user_email_max_length	2024-05-16 08:45:40.328818+00
160	auth	0004_alter_user_username_opts	2024-05-16 08:45:40.334663+00
161	auth	0005_alter_user_last_login_null	2024-05-16 08:45:40.341024+00
162	auth	0006_require_contenttypes_0002	2024-05-16 08:45:40.342142+00
163	auth	0007_alter_validators_add_error_messages	2024-05-16 08:45:40.348091+00
164	auth	0008_alter_user_username_max_length	2024-05-16 08:45:40.357247+00
165	auth	0009_alter_user_last_name_max_length	2024-05-16 08:45:40.364425+00
166	auth	0010_alter_group_name_max_length	2024-05-16 08:45:40.374065+00
167	auth	0011_update_proxy_permissions	2024-05-16 08:45:40.38274+00
168	auth	0012_alter_user_first_name_max_length	2024-05-16 08:45:40.389232+00
169	logs	0001_initial	2024-05-16 08:45:40.395571+00
170	payments	0001_initial	2024-05-16 08:45:40.412777+00
171	payments	0002_subscription_plan_id	2024-05-16 08:45:40.419165+00
172	payments	0003_subscription_address_id	2024-05-16 08:45:40.425696+00
173	payments	0004_subscription_send_invoices	2024-05-16 08:45:40.43207+00
174	payments	0005_subscription_plan_name	2024-05-16 08:45:40.438462+00
175	payments	0006_subscription_invoice_email	2024-05-16 08:45:40.446058+00
176	payments	0007_auto_20200727_1430	2024-05-16 08:45:40.458244+00
177	payments	0008_subscription_setup_date	2024-05-16 08:45:40.465146+00
178	payments	0009_alter_subscription_user	2024-05-16 08:45:40.476754+00
179	sessions	0001_initial	2024-05-16 08:45:40.487552+00
\.


--
-- Data for Name: django_session; Type: TABLE DATA; Schema: public; Owner: postgres
--

COPY public.django_session (session_key, session_data, expire_date) FROM stdin;
\.


--
-- Data for Name: logs_record; Type: TABLE DATA; Schema: public; Owner: postgres
--

COPY public.logs_record (id, created, name, level, message, traceback) FROM stdin;
\.


--
-- Data for Name: payments_subscription; Type: TABLE DATA; Schema: public; Owner: postgres
--

COPY public.payments_subscription (id, customer_id, payment_method_token, subscription_id, user_id, plan_id, address_id, send_invoices, plan_name, invoice_email, next_billing_date, renew_notice_date, setup_date) FROM stdin;
\.


--
-- Name: accounts_credential_id_seq; Type: SEQUENCE SET; Schema: public; Owner: postgres
--

SELECT pg_catalog.setval('public.accounts_credential_id_seq', 1, false);


--
-- Name: accounts_member_id_seq; Type: SEQUENCE SET; Schema: public; Owner: postgres
--

SELECT pg_catalog.setval('public.accounts_member_id_seq', 1, false);


--
-- Name: accounts_profile_id_seq; Type: SEQUENCE SET; Schema: public; Owner: postgres
--

SELECT pg_catalog.setval('public.accounts_profile_id_seq', 1, true);


--
-- Name: accounts_project_id_seq; Type: SEQUENCE SET; Schema: public; Owner: postgres
--

SELECT pg_catalog.setval('public.accounts_project_id_seq', 1, true);


--
-- Name: api_channel_checks_id_seq; Type: SEQUENCE SET; Schema: public; Owner: postgres
--

SELECT pg_catalog.setval('public.api_channel_checks_id_seq', 1, true);


--
-- Name: api_channel_id_seq; Type: SEQUENCE SET; Schema: public; Owner: postgres
--

SELECT pg_catalog.setval('public.api_channel_id_seq', 1, true);


--
-- Name: api_check_id_seq; Type: SEQUENCE SET; Schema: public; Owner: postgres
--

SELECT pg_catalog.setval('public.api_check_id_seq', 1, true);


--
-- Name: api_flip_id_seq; Type: SEQUENCE SET; Schema: public; Owner: postgres
--

SELECT pg_catalog.setval('public.api_flip_id_seq', 1, false);


--
-- Name: api_notification_id_seq; Type: SEQUENCE SET; Schema: public; Owner: postgres
--

SELECT pg_catalog.setval('public.api_notification_id_seq', 1, false);


--
-- Name: api_ping_id_seq; Type: SEQUENCE SET; Schema: public; Owner: postgres
--

SELECT pg_catalog.setval('public.api_ping_id_seq', 1, false);


--
-- Name: api_tokenbucket_id_seq; Type: SEQUENCE SET; Schema: public; Owner: postgres
--

SELECT pg_catalog.setval('public.api_tokenbucket_id_seq', 1, true);


--
-- Name: auth_group_id_seq; Type: SEQUENCE SET; Schema: public; Owner: postgres
--

SELECT pg_catalog.setval('public.auth_group_id_seq', 1, false);


--
-- Name: auth_group_permissions_id_seq; Type: SEQUENCE SET; Schema: public; Owner: postgres
--

SELECT pg_catalog.setval('public.auth_group_permissions_id_seq', 1, false);


--
-- Name: auth_permission_id_seq; Type: SEQUENCE SET; Schema: public; Owner: postgres
--

SELECT pg_catalog.setval('public.auth_permission_id_seq', 72, true);


--
-- Name: auth_user_groups_id_seq; Type: SEQUENCE SET; Schema: public; Owner: postgres
--

SELECT pg_catalog.setval('public.auth_user_groups_id_seq', 1, false);


--
-- Name: auth_user_id_seq; Type: SEQUENCE SET; Schema: public; Owner: postgres
--

SELECT pg_catalog.setval('public.auth_user_id_seq', 1, true);


--
-- Name: auth_user_user_permissions_id_seq; Type: SEQUENCE SET; Schema: public; Owner: postgres
--

SELECT pg_catalog.setval('public.auth_user_user_permissions_id_seq', 1, false);


--
-- Name: django_admin_log_id_seq; Type: SEQUENCE SET; Schema: public; Owner: postgres
--

SELECT pg_catalog.setval('public.django_admin_log_id_seq', 1, false);


--
-- Name: django_content_type_id_seq; Type: SEQUENCE SET; Schema: public; Owner: postgres
--

SELECT pg_catalog.setval('public.django_content_type_id_seq', 18, true);


--
-- Name: django_migrations_id_seq; Type: SEQUENCE SET; Schema: public; Owner: postgres
--

SELECT pg_catalog.setval('public.django_migrations_id_seq', 179, true);


--
-- Name: logs_record_id_seq; Type: SEQUENCE SET; Schema: public; Owner: postgres
--

SELECT pg_catalog.setval('public.logs_record_id_seq', 1, false);


--
-- Name: payments_subscription_id_seq; Type: SEQUENCE SET; Schema: public; Owner: postgres
--

SELECT pg_catalog.setval('public.payments_subscription_id_seq', 1, false);


--
-- Name: accounts_credential accounts_credential_code_key; Type: CONSTRAINT; Schema: public; Owner: postgres
--

ALTER TABLE ONLY public.accounts_credential
    ADD CONSTRAINT accounts_credential_code_key UNIQUE (code);


--
-- Name: accounts_credential accounts_credential_pkey; Type: CONSTRAINT; Schema: public; Owner: postgres
--

ALTER TABLE ONLY public.accounts_credential
    ADD CONSTRAINT accounts_credential_pkey PRIMARY KEY (id);


--
-- Name: accounts_member accounts_member_no_duplicates; Type: CONSTRAINT; Schema: public; Owner: postgres
--

ALTER TABLE ONLY public.accounts_member
    ADD CONSTRAINT accounts_member_no_duplicates UNIQUE (user_id, project_id);


--
-- Name: accounts_member accounts_member_pkey; Type: CONSTRAINT; Schema: public; Owner: postgres
--

ALTER TABLE ONLY public.accounts_member
    ADD CONSTRAINT accounts_member_pkey PRIMARY KEY (id);


--
-- Name: accounts_profile accounts_profile_pkey; Type: CONSTRAINT; Schema: public; Owner: postgres
--

ALTER TABLE ONLY public.accounts_profile
    ADD CONSTRAINT accounts_profile_pkey PRIMARY KEY (id);


--
-- Name: accounts_profile accounts_profile_user_id_key; Type: CONSTRAINT; Schema: public; Owner: postgres
--

ALTER TABLE ONLY public.accounts_profile
    ADD CONSTRAINT accounts_profile_user_id_key UNIQUE (user_id);


--
-- Name: accounts_project accounts_project_badge_key_8fe67ffd_uniq; Type: CONSTRAINT; Schema: public; Owner: postgres
--

ALTER TABLE ONLY public.accounts_project
    ADD CONSTRAINT accounts_project_badge_key_8fe67ffd_uniq UNIQUE (badge_key);


--
-- Name: accounts_project accounts_project_code_key; Type: CONSTRAINT; Schema: public; Owner: postgres
--

ALTER TABLE ONLY public.accounts_project
    ADD CONSTRAINT accounts_project_code_key UNIQUE (code);


--
-- Name: accounts_project accounts_project_ping_key_key; Type: CONSTRAINT; Schema: public; Owner: postgres
--

ALTER TABLE ONLY public.accounts_project
    ADD CONSTRAINT accounts_project_ping_key_key UNIQUE (ping_key);


--
-- Name: accounts_project accounts_project_pkey; Type: CONSTRAINT; Schema: public; Owner: postgres
--

ALTER TABLE ONLY public.accounts_project
    ADD CONSTRAINT accounts_project_pkey PRIMARY KEY (id);


--
-- Name: api_channel_checks api_channel_checks_channel_id_check_id_8edbcb0d_uniq; Type: CONSTRAINT; Schema: public; Owner: postgres
--

ALTER TABLE ONLY public.api_channel_checks
    ADD CONSTRAINT api_channel_checks_channel_id_check_id_8edbcb0d_uniq UNIQUE (channel_id, check_id);


--
-- Name: api_channel_checks api_channel_checks_pkey; Type: CONSTRAINT; Schema: public; Owner: postgres
--

ALTER TABLE ONLY public.api_channel_checks
    ADD CONSTRAINT api_channel_checks_pkey PRIMARY KEY (id);


--
-- Name: api_channel api_channel_code_7d0ed173_uniq; Type: CONSTRAINT; Schema: public; Owner: postgres
--

ALTER TABLE ONLY public.api_channel
    ADD CONSTRAINT api_channel_code_7d0ed173_uniq UNIQUE (code);


--
-- Name: api_channel api_channel_pkey; Type: CONSTRAINT; Schema: public; Owner: postgres
--

ALTER TABLE ONLY public.api_channel
    ADD CONSTRAINT api_channel_pkey PRIMARY KEY (id);


--
-- Name: api_check api_check_badge_key_key; Type: CONSTRAINT; Schema: public; Owner: postgres
--

ALTER TABLE ONLY public.api_check
    ADD CONSTRAINT api_check_badge_key_key UNIQUE (badge_key);


--
-- Name: api_check api_check_code_d76cf6a3_uniq; Type: CONSTRAINT; Schema: public; Owner: postgres
--

ALTER TABLE ONLY public.api_check
    ADD CONSTRAINT api_check_code_d76cf6a3_uniq UNIQUE (code);


--
-- Name: api_check api_check_pkey; Type: CONSTRAINT; Schema: public; Owner: postgres
--

ALTER TABLE ONLY public.api_check
    ADD CONSTRAINT api_check_pkey PRIMARY KEY (id);


--
-- Name: api_flip api_flip_pkey; Type: CONSTRAINT; Schema: public; Owner: postgres
--

ALTER TABLE ONLY public.api_flip
    ADD CONSTRAINT api_flip_pkey PRIMARY KEY (id);


--
-- Name: api_notification api_notification_pkey; Type: CONSTRAINT; Schema: public; Owner: postgres
--

ALTER TABLE ONLY public.api_notification
    ADD CONSTRAINT api_notification_pkey PRIMARY KEY (id);


--
-- Name: api_ping api_ping_pkey; Type: CONSTRAINT; Schema: public; Owner: postgres
--

ALTER TABLE ONLY public.api_ping
    ADD CONSTRAINT api_ping_pkey PRIMARY KEY (id);


--
-- Name: api_tokenbucket api_tokenbucket_pkey; Type: CONSTRAINT; Schema: public; Owner: postgres
--

ALTER TABLE ONLY public.api_tokenbucket
    ADD CONSTRAINT api_tokenbucket_pkey PRIMARY KEY (id);


--
-- Name: api_tokenbucket api_tokenbucket_value_key; Type: CONSTRAINT; Schema: public; Owner: postgres
--

ALTER TABLE ONLY public.api_tokenbucket
    ADD CONSTRAINT api_tokenbucket_value_key UNIQUE (value);


--
-- Name: auth_group auth_group_name_key; Type: CONSTRAINT; Schema: public; Owner: postgres
--

ALTER TABLE ONLY public.auth_group
    ADD CONSTRAINT auth_group_name_key UNIQUE (name);


--
-- Name: auth_group_permissions auth_group_permissions_group_id_permission_id_0cd325b0_uniq; Type: CONSTRAINT; Schema: public; Owner: postgres
--

ALTER TABLE ONLY public.auth_group_permissions
    ADD CONSTRAINT auth_group_permissions_group_id_permission_id_0cd325b0_uniq UNIQUE (group_id, permission_id);


--
-- Name: auth_group_permissions auth_group_permissions_pkey; Type: CONSTRAINT; Schema: public; Owner: postgres
--

ALTER TABLE ONLY public.auth_group_permissions
    ADD CONSTRAINT auth_group_permissions_pkey PRIMARY KEY (id);


--
-- Name: auth_group auth_group_pkey; Type: CONSTRAINT; Schema: public; Owner: postgres
--

ALTER TABLE ONLY public.auth_group
    ADD CONSTRAINT auth_group_pkey PRIMARY KEY (id);


--
-- Name: auth_permission auth_permission_content_type_id_codename_01ab375a_uniq; Type: CONSTRAINT; Schema: public; Owner: postgres
--

ALTER TABLE ONLY public.auth_permission
    ADD CONSTRAINT auth_permission_content_type_id_codename_01ab375a_uniq UNIQUE (content_type_id, codename);


--
-- Name: auth_permission auth_permission_pkey; Type: CONSTRAINT; Schema: public; Owner: postgres
--

ALTER TABLE ONLY public.auth_permission
    ADD CONSTRAINT auth_permission_pkey PRIMARY KEY (id);


--
-- Name: auth_user_groups auth_user_groups_pkey; Type: CONSTRAINT; Schema: public; Owner: postgres
--

ALTER TABLE ONLY public.auth_user_groups
    ADD CONSTRAINT auth_user_groups_pkey PRIMARY KEY (id);


--
-- Name: auth_user_groups auth_user_groups_user_id_group_id_94350c0c_uniq; Type: CONSTRAINT; Schema: public; Owner: postgres
--

ALTER TABLE ONLY public.auth_user_groups
    ADD CONSTRAINT auth_user_groups_user_id_group_id_94350c0c_uniq UNIQUE (user_id, group_id);


--
-- Name: auth_user auth_user_pkey; Type: CONSTRAINT; Schema: public; Owner: postgres
--

ALTER TABLE ONLY public.auth_user
    ADD CONSTRAINT auth_user_pkey PRIMARY KEY (id);


--
-- Name: auth_user_user_permissions auth_user_user_permissions_pkey; Type: CONSTRAINT; Schema: public; Owner: postgres
--

ALTER TABLE ONLY public.auth_user_user_permissions
    ADD CONSTRAINT auth_user_user_permissions_pkey PRIMARY KEY (id);


--
-- Name: auth_user_user_permissions auth_user_user_permissions_user_id_permission_id_14a6b632_uniq; Type: CONSTRAINT; Schema: public; Owner: postgres
--

ALTER TABLE ONLY public.auth_user_user_permissions
    ADD CONSTRAINT auth_user_user_permissions_user_id_permission_id_14a6b632_uniq UNIQUE (user_id, permission_id);


--
-- Name: auth_user auth_user_username_key; Type: CONSTRAINT; Schema: public; Owner: postgres
--

ALTER TABLE ONLY public.auth_user
    ADD CONSTRAINT auth_user_username_key UNIQUE (username);


--
-- Name: django_admin_log django_admin_log_pkey; Type: CONSTRAINT; Schema: public; Owner: postgres
--

ALTER TABLE ONLY public.django_admin_log
    ADD CONSTRAINT django_admin_log_pkey PRIMARY KEY (id);


--
-- Name: django_content_type django_content_type_app_label_model_76bd3d3b_uniq; Type: CONSTRAINT; Schema: public; Owner: postgres
--

ALTER TABLE ONLY public.django_content_type
    ADD CONSTRAINT django_content_type_app_label_model_76bd3d3b_uniq UNIQUE (app_label, model);


--
-- Name: django_content_type django_content_type_pkey; Type: CONSTRAINT; Schema: public; Owner: postgres
--

ALTER TABLE ONLY public.django_content_type
    ADD CONSTRAINT django_content_type_pkey PRIMARY KEY (id);


--
-- Name: django_migrations django_migrations_pkey; Type: CONSTRAINT; Schema: public; Owner: postgres
--

ALTER TABLE ONLY public.django_migrations
    ADD CONSTRAINT django_migrations_pkey PRIMARY KEY (id);


--
-- Name: django_session django_session_pkey; Type: CONSTRAINT; Schema: public; Owner: postgres
--

ALTER TABLE ONLY public.django_session
    ADD CONSTRAINT django_session_pkey PRIMARY KEY (session_key);


--
-- Name: logs_record logs_record_pkey; Type: CONSTRAINT; Schema: public; Owner: postgres
--

ALTER TABLE ONLY public.logs_record
    ADD CONSTRAINT logs_record_pkey PRIMARY KEY (id);


--
-- Name: payments_subscription payments_subscription_pkey; Type: CONSTRAINT; Schema: public; Owner: postgres
--

ALTER TABLE ONLY public.payments_subscription
    ADD CONSTRAINT payments_subscription_pkey PRIMARY KEY (id);


--
-- Name: payments_subscription payments_subscription_user_id_key; Type: CONSTRAINT; Schema: public; Owner: postgres
--

ALTER TABLE ONLY public.payments_subscription
    ADD CONSTRAINT payments_subscription_user_id_key UNIQUE (user_id);


--
-- Name: accounts_credential_user_id_400058ca; Type: INDEX; Schema: public; Owner: postgres
--

CREATE INDEX accounts_credential_user_id_400058ca ON public.accounts_credential USING btree (user_id);


--
-- Name: accounts_member_project_id_111a002b; Type: INDEX; Schema: public; Owner: postgres
--

CREATE INDEX accounts_member_project_id_111a002b ON public.accounts_member USING btree (project_id);


--
-- Name: accounts_member_user_id_b994c8b6; Type: INDEX; Schema: public; Owner: postgres
--

CREATE INDEX accounts_member_user_id_b994c8b6 ON public.accounts_member USING btree (user_id);


--
-- Name: accounts_project_api_key_d70dc8ad; Type: INDEX; Schema: public; Owner: postgres
--

CREATE INDEX accounts_project_api_key_d70dc8ad ON public.accounts_project USING btree (api_key);


--
-- Name: accounts_project_api_key_d70dc8ad_like; Type: INDEX; Schema: public; Owner: postgres
--

CREATE INDEX accounts_project_api_key_d70dc8ad_like ON public.accounts_project USING btree (api_key varchar_pattern_ops);


--
-- Name: accounts_project_api_key_readonly_a00a255a; Type: INDEX; Schema: public; Owner: postgres
--

CREATE INDEX accounts_project_api_key_readonly_a00a255a ON public.accounts_project USING btree (api_key_readonly);


--
-- Name: accounts_project_api_key_readonly_a00a255a_like; Type: INDEX; Schema: public; Owner: postgres
--

CREATE INDEX accounts_project_api_key_readonly_a00a255a_like ON public.accounts_project USING btree (api_key_readonly varchar_pattern_ops);


--
-- Name: accounts_project_badge_key_8fe67ffd_like; Type: INDEX; Schema: public; Owner: postgres
--

CREATE INDEX accounts_project_badge_key_8fe67ffd_like ON public.accounts_project USING btree (badge_key varchar_pattern_ops);


--
-- Name: accounts_project_owner_id_9e658e68; Type: INDEX; Schema: public; Owner: postgres
--

CREATE INDEX accounts_project_owner_id_9e658e68 ON public.accounts_project USING btree (owner_id);


--
-- Name: accounts_project_ping_key_68b63922_like; Type: INDEX; Schema: public; Owner: postgres
--

CREATE INDEX accounts_project_ping_key_68b63922_like ON public.accounts_project USING btree (ping_key varchar_pattern_ops);


--
-- Name: api_channel_checks_channel_id_0a1351bf; Type: INDEX; Schema: public; Owner: postgres
--

CREATE INDEX api_channel_checks_channel_id_0a1351bf ON public.api_channel_checks USING btree (channel_id);


--
-- Name: api_channel_checks_check_id_2f0bca8a; Type: INDEX; Schema: public; Owner: postgres
--

CREATE INDEX api_channel_checks_check_id_2f0bca8a ON public.api_channel_checks USING btree (check_id);


--
-- Name: api_channel_project_id_1ae78745; Type: INDEX; Schema: public; Owner: postgres
--

CREATE INDEX api_channel_project_id_1ae78745 ON public.api_channel USING btree (project_id);


--
-- Name: api_check_aa_not_down; Type: INDEX; Schema: public; Owner: postgres
--

CREATE INDEX api_check_aa_not_down ON public.api_check USING btree (alert_after) WHERE (NOT ((status)::text = 'down'::text));


--
-- Name: api_check_project_id_2af7b4db; Type: INDEX; Schema: public; Owner: postgres
--

CREATE INDEX api_check_project_id_2af7b4db ON public.api_check USING btree (project_id);


--
-- Name: api_check_project_slug; Type: INDEX; Schema: public; Owner: postgres
--

CREATE INDEX api_check_project_slug ON public.api_check USING btree (project_id, slug);


--
-- Name: api_flip_not_processed; Type: INDEX; Schema: public; Owner: postgres
--

CREATE INDEX api_flip_not_processed ON public.api_flip USING btree (processed) WHERE (processed IS NULL);


--
-- Name: api_flip_owner_id_4ccc8bee; Type: INDEX; Schema: public; Owner: postgres
--

CREATE INDEX api_flip_owner_id_4ccc8bee ON public.api_flip USING btree (owner_id);


--
-- Name: api_notification_channel_id_4df05d31; Type: INDEX; Schema: public; Owner: postgres
--

CREATE INDEX api_notification_channel_id_4df05d31 ON public.api_notification USING btree (channel_id);


--
-- Name: api_notification_owner_id_9b970e8a; Type: INDEX; Schema: public; Owner: postgres
--

CREATE INDEX api_notification_owner_id_9b970e8a ON public.api_notification USING btree (owner_id);


--
-- Name: api_ping_owner_id_e4ea931d; Type: INDEX; Schema: public; Owner: postgres
--

CREATE INDEX api_ping_owner_id_e4ea931d ON public.api_ping USING btree (owner_id);


--
-- Name: api_tokenbucket_value_dfd98882_like; Type: INDEX; Schema: public; Owner: postgres
--

CREATE INDEX api_tokenbucket_value_dfd98882_like ON public.api_tokenbucket USING btree (value varchar_pattern_ops);


--
-- Name: auth_group_name_a6ea08ec_like; Type: INDEX; Schema: public; Owner: postgres
--

CREATE INDEX auth_group_name_a6ea08ec_like ON public.auth_group USING btree (name varchar_pattern_ops);


--
-- Name: auth_group_permissions_group_id_b120cbf9; Type: INDEX; Schema: public; Owner: postgres
--

CREATE INDEX auth_group_permissions_group_id_b120cbf9 ON public.auth_group_permissions USING btree (group_id);


--
-- Name: auth_group_permissions_permission_id_84c5c92e; Type: INDEX; Schema: public; Owner: postgres
--

CREATE INDEX auth_group_permissions_permission_id_84c5c92e ON public.auth_group_permissions USING btree (permission_id);


--
-- Name: auth_permission_content_type_id_2f476e4b; Type: INDEX; Schema: public; Owner: postgres
--

CREATE INDEX auth_permission_content_type_id_2f476e4b ON public.auth_permission USING btree (content_type_id);


--
-- Name: auth_user_groups_group_id_97559544; Type: INDEX; Schema: public; Owner: postgres
--

CREATE INDEX auth_user_groups_group_id_97559544 ON public.auth_user_groups USING btree (group_id);


--
-- Name: auth_user_groups_user_id_6a12ed8b; Type: INDEX; Schema: public; Owner: postgres
--

CREATE INDEX auth_user_groups_user_id_6a12ed8b ON public.auth_user_groups USING btree (user_id);


--
-- Name: auth_user_user_permissions_permission_id_1fbb5f2c; Type: INDEX; Schema: public; Owner: postgres
--

CREATE INDEX auth_user_user_permissions_permission_id_1fbb5f2c ON public.auth_user_user_permissions USING btree (permission_id);


--
-- Name: auth_user_user_permissions_user_id_a95ead1b; Type: INDEX; Schema: public; Owner: postgres
--

CREATE INDEX auth_user_user_permissions_user_id_a95ead1b ON public.auth_user_user_permissions USING btree (user_id);


--
-- Name: auth_user_username_6821ab7c_like; Type: INDEX; Schema: public; Owner: postgres
--

CREATE INDEX auth_user_username_6821ab7c_like ON public.auth_user USING btree (username varchar_pattern_ops);


--
-- Name: django_admin_log_content_type_id_c4bce8eb; Type: INDEX; Schema: public; Owner: postgres
--

CREATE INDEX django_admin_log_content_type_id_c4bce8eb ON public.django_admin_log USING btree (content_type_id);


--
-- Name: django_admin_log_user_id_c564eba6; Type: INDEX; Schema: public; Owner: postgres
--

CREATE INDEX django_admin_log_user_id_c564eba6 ON public.django_admin_log USING btree (user_id);


--
-- Name: django_session_expire_date_a5c62663; Type: INDEX; Schema: public; Owner: postgres
--

CREATE INDEX django_session_expire_date_a5c62663 ON public.django_session USING btree (expire_date);


--
-- Name: django_session_session_key_c0390e0f_like; Type: INDEX; Schema: public; Owner: postgres
--

CREATE INDEX django_session_session_key_c0390e0f_like ON public.django_session USING btree (session_key varchar_pattern_ops);


--
-- Name: accounts_credential accounts_credential_user_id_400058ca_fk_auth_user_id; Type: FK CONSTRAINT; Schema: public; Owner: postgres
--

ALTER TABLE ONLY public.accounts_credential
    ADD CONSTRAINT accounts_credential_user_id_400058ca_fk_auth_user_id FOREIGN KEY (user_id) REFERENCES public.auth_user(id) DEFERRABLE INITIALLY DEFERRED;


--
-- Name: accounts_member accounts_member_project_id_111a002b_fk_accounts_project_id; Type: FK CONSTRAINT; Schema: public; Owner: postgres
--

ALTER TABLE ONLY public.accounts_member
    ADD CONSTRAINT accounts_member_project_id_111a002b_fk_accounts_project_id FOREIGN KEY (project_id) REFERENCES public.accounts_project(id) DEFERRABLE INITIALLY DEFERRED;


--
-- Name: accounts_member accounts_member_user_id_b994c8b6_fk_auth_user_id; Type: FK CONSTRAINT; Schema: public; Owner: postgres
--

ALTER TABLE ONLY public.accounts_member
    ADD CONSTRAINT accounts_member_user_id_b994c8b6_fk_auth_user_id FOREIGN KEY (user_id) REFERENCES public.auth_user(id) DEFERRABLE INITIALLY DEFERRED;


--
-- Name: accounts_profile accounts_profile_user_id_49a85d32_fk_auth_user_id; Type: FK CONSTRAINT; Schema: public; Owner: postgres
--

ALTER TABLE ONLY public.accounts_profile
    ADD CONSTRAINT accounts_profile_user_id_49a85d32_fk_auth_user_id FOREIGN KEY (user_id) REFERENCES public.auth_user(id) DEFERRABLE INITIALLY DEFERRED;


--
-- Name: accounts_project accounts_project_owner_id_9e658e68_fk_auth_user_id; Type: FK CONSTRAINT; Schema: public; Owner: postgres
--

ALTER TABLE ONLY public.accounts_project
    ADD CONSTRAINT accounts_project_owner_id_9e658e68_fk_auth_user_id FOREIGN KEY (owner_id) REFERENCES public.auth_user(id) DEFERRABLE INITIALLY DEFERRED;


--
-- Name: api_channel_checks api_channel_checks_channel_id_0a1351bf_fk_api_channel_id; Type: FK CONSTRAINT; Schema: public; Owner: postgres
--

ALTER TABLE ONLY public.api_channel_checks
    ADD CONSTRAINT api_channel_checks_channel_id_0a1351bf_fk_api_channel_id FOREIGN KEY (channel_id) REFERENCES public.api_channel(id) DEFERRABLE INITIALLY DEFERRED;


--
-- Name: api_channel_checks api_channel_checks_check_id_2f0bca8a_fk_api_check_id; Type: FK CONSTRAINT; Schema: public; Owner: postgres
--

ALTER TABLE ONLY public.api_channel_checks
    ADD CONSTRAINT api_channel_checks_check_id_2f0bca8a_fk_api_check_id FOREIGN KEY (check_id) REFERENCES public.api_check(id) DEFERRABLE INITIALLY DEFERRED;


--
-- Name: api_channel api_channel_project_id_1ae78745_fk_accounts_project_id; Type: FK CONSTRAINT; Schema: public; Owner: postgres
--

ALTER TABLE ONLY public.api_channel
    ADD CONSTRAINT api_channel_project_id_1ae78745_fk_accounts_project_id FOREIGN KEY (project_id) REFERENCES public.accounts_project(id) DEFERRABLE INITIALLY DEFERRED;


--
-- Name: api_check api_check_project_id_2af7b4db_fk_accounts_project_id; Type: FK CONSTRAINT; Schema: public; Owner: postgres
--

ALTER TABLE ONLY public.api_check
    ADD CONSTRAINT api_check_project_id_2af7b4db_fk_accounts_project_id FOREIGN KEY (project_id) REFERENCES public.accounts_project(id) DEFERRABLE INITIALLY DEFERRED;


--
-- Name: api_flip api_flip_owner_id_4ccc8bee_fk_api_check_id; Type: FK CONSTRAINT; Schema: public; Owner: postgres
--

ALTER TABLE ONLY public.api_flip
    ADD CONSTRAINT api_flip_owner_id_4ccc8bee_fk_api_check_id FOREIGN KEY (owner_id) REFERENCES public.api_check(id) DEFERRABLE INITIALLY DEFERRED;


--
-- Name: api_notification api_notification_channel_id_4df05d31_fk_api_channel_id; Type: FK CONSTRAINT; Schema: public; Owner: postgres
--

ALTER TABLE ONLY public.api_notification
    ADD CONSTRAINT api_notification_channel_id_4df05d31_fk_api_channel_id FOREIGN KEY (channel_id) REFERENCES public.api_channel(id) DEFERRABLE INITIALLY DEFERRED;


--
-- Name: api_notification api_notification_owner_id_9b970e8a_fk_api_check_id; Type: FK CONSTRAINT; Schema: public; Owner: postgres
--

ALTER TABLE ONLY public.api_notification
    ADD CONSTRAINT api_notification_owner_id_9b970e8a_fk_api_check_id FOREIGN KEY (owner_id) REFERENCES public.api_check(id) DEFERRABLE INITIALLY DEFERRED;


--
-- Name: api_ping api_ping_owner_id_e4ea931d_fk_api_check_id; Type: FK CONSTRAINT; Schema: public; Owner: postgres
--

ALTER TABLE ONLY public.api_ping
    ADD CONSTRAINT api_ping_owner_id_e4ea931d_fk_api_check_id FOREIGN KEY (owner_id) REFERENCES public.api_check(id) DEFERRABLE INITIALLY DEFERRED;


--
-- Name: auth_group_permissions auth_group_permissio_permission_id_84c5c92e_fk_auth_perm; Type: FK CONSTRAINT; Schema: public; Owner: postgres
--

ALTER TABLE ONLY public.auth_group_permissions
    ADD CONSTRAINT auth_group_permissio_permission_id_84c5c92e_fk_auth_perm FOREIGN KEY (permission_id) REFERENCES public.auth_permission(id) DEFERRABLE INITIALLY DEFERRED;


--
-- Name: auth_group_permissions auth_group_permissions_group_id_b120cbf9_fk_auth_group_id; Type: FK CONSTRAINT; Schema: public; Owner: postgres
--

ALTER TABLE ONLY public.auth_group_permissions
    ADD CONSTRAINT auth_group_permissions_group_id_b120cbf9_fk_auth_group_id FOREIGN KEY (group_id) REFERENCES public.auth_group(id) DEFERRABLE INITIALLY DEFERRED;


--
-- Name: auth_permission auth_permission_content_type_id_2f476e4b_fk_django_co; Type: FK CONSTRAINT; Schema: public; Owner: postgres
--

ALTER TABLE ONLY public.auth_permission
    ADD CONSTRAINT auth_permission_content_type_id_2f476e4b_fk_django_co FOREIGN KEY (content_type_id) REFERENCES public.django_content_type(id) DEFERRABLE INITIALLY DEFERRED;


--
-- Name: auth_user_groups auth_user_groups_group_id_97559544_fk_auth_group_id; Type: FK CONSTRAINT; Schema: public; Owner: postgres
--

ALTER TABLE ONLY public.auth_user_groups
    ADD CONSTRAINT auth_user_groups_group_id_97559544_fk_auth_group_id FOREIGN KEY (group_id) REFERENCES public.auth_group(id) DEFERRABLE INITIALLY DEFERRED;


--
-- Name: auth_user_groups auth_user_groups_user_id_6a12ed8b_fk_auth_user_id; Type: FK CONSTRAINT; Schema: public; Owner: postgres
--

ALTER TABLE ONLY public.auth_user_groups
    ADD CONSTRAINT auth_user_groups_user_id_6a12ed8b_fk_auth_user_id FOREIGN KEY (user_id) REFERENCES public.auth_user(id) DEFERRABLE INITIALLY DEFERRED;


--
-- Name: auth_user_user_permissions auth_user_user_permi_permission_id_1fbb5f2c_fk_auth_perm; Type: FK CONSTRAINT; Schema: public; Owner: postgres
--

ALTER TABLE ONLY public.auth_user_user_permissions
    ADD CONSTRAINT auth_user_user_permi_permission_id_1fbb5f2c_fk_auth_perm FOREIGN KEY (permission_id) REFERENCES public.auth_permission(id) DEFERRABLE INITIALLY DEFERRED;


--
-- Name: auth_user_user_permissions auth_user_user_permissions_user_id_a95ead1b_fk_auth_user_id; Type: FK CONSTRAINT; Schema: public; Owner: postgres
--

ALTER TABLE ONLY public.auth_user_user_permissions
    ADD CONSTRAINT auth_user_user_permissions_user_id_a95ead1b_fk_auth_user_id FOREIGN KEY (user_id) REFERENCES public.auth_user(id) DEFERRABLE INITIALLY DEFERRED;


--
-- Name: django_admin_log django_admin_log_content_type_id_c4bce8eb_fk_django_co; Type: FK CONSTRAINT; Schema: public; Owner: postgres
--

ALTER TABLE ONLY public.django_admin_log
    ADD CONSTRAINT django_admin_log_content_type_id_c4bce8eb_fk_django_co FOREIGN KEY (content_type_id) REFERENCES public.django_content_type(id) DEFERRABLE INITIALLY DEFERRED;


--
-- Name: django_admin_log django_admin_log_user_id_c564eba6_fk_auth_user_id; Type: FK CONSTRAINT; Schema: public; Owner: postgres
--

ALTER TABLE ONLY public.django_admin_log
    ADD CONSTRAINT django_admin_log_user_id_c564eba6_fk_auth_user_id FOREIGN KEY (user_id) REFERENCES public.auth_user(id) DEFERRABLE INITIALLY DEFERRED;


--
-- Name: payments_subscription payments_subscription_user_id_1b2156fc_fk_auth_user_id; Type: FK CONSTRAINT; Schema: public; Owner: postgres
--

ALTER TABLE ONLY public.payments_subscription
    ADD CONSTRAINT payments_subscription_user_id_1b2156fc_fk_auth_user_id FOREIGN KEY (user_id) REFERENCES public.auth_user(id) DEFERRABLE INITIALLY DEFERRED;


--
-- PostgreSQL database dump complete
--

